parent_signal,instance,module,port,expression,source,line
/tb_rtds_rx_fifo/U_DUT/rst_n,U_RTDS_FPGA_RESET_SYNC_USER,RTDS_FPGA_RESET_SYNC,rst_async_n,rst_n,F:\RTDS_test_DDR4_64bit_batch_dev\rtl\rtds_rx_frame_fifo.v,27
/tb_rtds_rx_fifo/U_DUT/user_clk,U_RTDS_FPGA_COUNT_CDC,RTDS_FPGA_COUNT_CDC,src_clk,user_clk,F:\RTDS_test_DDR4_64bit_batch_dev\rtl\rtds_rx_frame_fifo.v,66
/tb_rtds_rx_fifo/U_DUT/user_clk,U_RTDS_FPGA_RESET_SYNC_USER,RTDS_FPGA_RESET_SYNC,clk,user_clk,F:\RTDS_test_DDR4_64bit_batch_dev\rtl\rtds_rx_frame_fifo.v,27
/tb_rtds_rx_fifo/U_DUT/user_clk,U_XPM_CDC_FULL,xpm_cdc_single,src_clk,user_clk,F:\RTDS_test_DDR4_64bit_batch_dev\rtl\rtds_rx_frame_fifo.v,69
/tb_rtds_rx_fifo/U_DUT/user_clk,U_XPM_CDC_ALMOST_FULL,xpm_cdc_single,src_clk,user_clk,F:\RTDS_test_DDR4_64bit_batch_dev\rtl\rtds_rx_frame_fifo.v,71
/tb_rtds_rx_fifo/U_DUT/user_clk,U_XPM_FIFO_ASYNC,xpm_fifo_async,wr_clk,user_clk,F:\RTDS_test_DDR4_64bit_batch_dev\rtl\rtds_rx_frame_fifo.v,83
/tb_rtds_rx_fifo/U_DUT/mem_clk,U_RTDS_FPGA_COUNT_CDC,RTDS_FPGA_COUNT_CDC,dst_clk,mem_clk,F:\RTDS_test_DDR4_64bit_batch_dev\rtl\rtds_rx_frame_fifo.v,66
/tb_rtds_rx_fifo/U_DUT/mem_clk,U_XPM_CDC_FULL,xpm_cdc_single,dest_clk,mem_clk,F:\RTDS_test_DDR4_64bit_batch_dev\rtl\rtds_rx_frame_fifo.v,69
/tb_rtds_rx_fifo/U_DUT/mem_clk,U_XPM_CDC_ALMOST_FULL,xpm_cdc_single,dest_clk,mem_clk,F:\RTDS_test_DDR4_64bit_batch_dev\rtl\rtds_rx_frame_fifo.v,71
/tb_rtds_rx_fifo/U_DUT/mem_clk,U_XPM_FIFO_ASYNC,xpm_fifo_async,rd_clk,mem_clk,F:\RTDS_test_DDR4_64bit_batch_dev\rtl\rtds_rx_frame_fifo.v,83
/tb_rtds_rx_fifo/U_DUT/frame_data,U_XPM_FIFO_ASYNC,xpm_fifo_async,dout,frame_data,F:\RTDS_test_DDR4_64bit_batch_dev\rtl\rtds_rx_frame_fifo.v,86
/tb_rtds_rx_fifo/U_DUT/fifo_full,U_XPM_CDC_FULL,xpm_cdc_single,dest_out,fifo_full,F:\RTDS_test_DDR4_64bit_batch_dev\rtl\rtds_rx_frame_fifo.v,69
/tb_rtds_rx_fifo/U_DUT/fifo_almost_full,U_XPM_CDC_ALMOST_FULL,xpm_cdc_single,dest_out,fifo_almost_full,F:\RTDS_test_DDR4_64bit_batch_dev\rtl\rtds_rx_frame_fifo.v,71
/tb_rtds_rx_fifo/U_DUT/dropped_frames,U_RTDS_FPGA_COUNT_CDC,RTDS_FPGA_COUNT_CDC,dst_count,dropped_frames,F:\RTDS_test_DDR4_64bit_batch_dev\rtl\rtds_rx_frame_fifo.v,66
/tb_rtds_rx_fifo/U_DUT/user_rst_n,U_RTDS_FPGA_RESET_SYNC_USER,RTDS_FPGA_RESET_SYNC,rst_sync_n,user_rst_n,F:\RTDS_test_DDR4_64bit_batch_dev\rtl\rtds_rx_frame_fifo.v,27
/tb_rtds_rx_fifo/U_DUT/drop_bin,U_RTDS_FPGA_COUNT_CDC,RTDS_FPGA_COUNT_CDC,src_count,drop_bin,F:\RTDS_test_DDR4_64bit_batch_dev\rtl\rtds_rx_frame_fifo.v,66
/tb_rtds_rx_fifo/U_DUT/full_user,U_XPM_CDC_FULL,xpm_cdc_single,src_in,full_user,F:\RTDS_test_DDR4_64bit_batch_dev\rtl\rtds_rx_frame_fifo.v,69
/tb_rtds_rx_fifo/U_DUT/full_user,U_XPM_FIFO_ASYNC,xpm_fifo_async,full,full_user,F:\RTDS_test_DDR4_64bit_batch_dev\rtl\rtds_rx_frame_fifo.v,84
/tb_rtds_rx_fifo/U_DUT/almost_full_user,U_XPM_CDC_ALMOST_FULL,xpm_cdc_single,src_in,almost_full_user,F:\RTDS_test_DDR4_64bit_batch_dev\rtl\rtds_rx_frame_fifo.v,71
/tb_rtds_rx_fifo/U_DUT/almost_full_user,U_XPM_FIFO_ASYNC,xpm_fifo_async,prog_full,almost_full_user,F:\RTDS_test_DDR4_64bit_batch_dev\rtl\rtds_rx_frame_fifo.v,85
/tb_rtds_rx_fifo/U_DUT/empty_mem,U_XPM_FIFO_ASYNC,xpm_fifo_async,empty,empty_mem,F:\RTDS_test_DDR4_64bit_batch_dev\rtl\rtds_rx_frame_fifo.v,86
/tb_rtds_rx_fifo/U_DUT/wr_busy,U_XPM_FIFO_ASYNC,xpm_fifo_async,wr_rst_busy,wr_busy,F:\RTDS_test_DDR4_64bit_batch_dev\rtl\rtds_rx_frame_fifo.v,85
/tb_rtds_rx_fifo/U_DUT/rd_busy,U_XPM_FIFO_ASYNC,xpm_fifo_async,rd_rst_busy,rd_busy,F:\RTDS_test_DDR4_64bit_batch_dev\rtl\rtds_rx_frame_fifo.v,86
/tb_rtds_rx_fifo/U_DUT/fifo_reset,U_XPM_FIFO_ASYNC,xpm_fifo_async,rst,fifo_reset,F:\RTDS_test_DDR4_64bit_batch_dev\rtl\rtds_rx_frame_fifo.v,83
/tb_rtds_rx_fifo/U_DUT/fifo_read,U_XPM_FIFO_ASYNC,xpm_fifo_async,rd_en,fifo_read,F:\RTDS_test_DDR4_64bit_batch_dev\rtl\rtds_rx_frame_fifo.v,87
/tb_rtds_rx_fifo/U_DUT/fifo_write,U_XPM_FIFO_ASYNC,xpm_fifo_async,wr_en,fifo_write,F:\RTDS_test_DDR4_64bit_batch_dev\rtl\rtds_rx_frame_fifo.v,84
/tb_rtds_rx_fifo/U_DUT/fifo_input,U_XPM_FIFO_ASYNC,xpm_fifo_async,din,fifo_input,F:\RTDS_test_DDR4_64bit_batch_dev\rtl\rtds_rx_frame_fifo.v,84
/tb_rtds_rx_fifo/U_DUT/almost_empty_nc,U_XPM_FIFO_ASYNC,xpm_fifo_async,almost_empty,almost_empty_nc,F:\RTDS_test_DDR4_64bit_batch_dev\rtl\rtds_rx_frame_fifo.v,89
/tb_rtds_rx_fifo/U_DUT/almost_full_nc,U_XPM_FIFO_ASYNC,xpm_fifo_async,almost_full,almost_full_nc,F:\RTDS_test_DDR4_64bit_batch_dev\rtl\rtds_rx_frame_fifo.v,89
/tb_rtds_rx_fifo/U_DUT/data_valid_nc,U_XPM_FIFO_ASYNC,xpm_fifo_async,data_valid,data_valid_nc,F:\RTDS_test_DDR4_64bit_batch_dev\rtl\rtds_rx_frame_fifo.v,89
/tb_rtds_rx_fifo/U_DUT/dbiterr_nc,U_XPM_FIFO_ASYNC,xpm_fifo_async,dbiterr,dbiterr_nc,F:\RTDS_test_DDR4_64bit_batch_dev\rtl\rtds_rx_frame_fifo.v,89
/tb_rtds_rx_fifo/U_DUT/overflow_nc,U_XPM_FIFO_ASYNC,xpm_fifo_async,overflow,overflow_nc,F:\RTDS_test_DDR4_64bit_batch_dev\rtl\rtds_rx_frame_fifo.v,90
/tb_rtds_rx_fifo/U_DUT/prog_empty_nc,U_XPM_FIFO_ASYNC,xpm_fifo_async,prog_empty,prog_empty_nc,F:\RTDS_test_DDR4_64bit_batch_dev\rtl\rtds_rx_frame_fifo.v,90
/tb_rtds_rx_fifo/U_DUT/sbiterr_nc,U_XPM_FIFO_ASYNC,xpm_fifo_async,sbiterr,sbiterr_nc,F:\RTDS_test_DDR4_64bit_batch_dev\rtl\rtds_rx_frame_fifo.v,90
/tb_rtds_rx_fifo/U_DUT/underflow_nc,U_XPM_FIFO_ASYNC,xpm_fifo_async,underflow,underflow_nc,F:\RTDS_test_DDR4_64bit_batch_dev\rtl\rtds_rx_frame_fifo.v,91
/tb_rtds_rx_fifo/U_DUT/wr_ack_nc,U_XPM_FIFO_ASYNC,xpm_fifo_async,wr_ack,wr_ack_nc,F:\RTDS_test_DDR4_64bit_batch_dev\rtl\rtds_rx_frame_fifo.v,91
/tb_rtds_rx_fifo/U_DUT/rd_data_count_nc,U_XPM_FIFO_ASYNC,xpm_fifo_async,rd_data_count,rd_data_count_nc,F:\RTDS_test_DDR4_64bit_batch_dev\rtl\rtds_rx_frame_fifo.v,90
/tb_rtds_rx_fifo/U_DUT/wr_data_count_nc,U_XPM_FIFO_ASYNC,xpm_fifo_async,wr_data_count,wr_data_count_nc,F:\RTDS_test_DDR4_64bit_batch_dev\rtl\rtds_rx_frame_fifo.v,91
