signal,source,first_code_occurrence_line,lookup_name
/tb_rtds_ring/clk,F:\RTDS_test_DDR4_64bit_batch_dev\regression\batch_1g\tb_rtds_ring.sv,4,clk
/tb_rtds_ring/response_delay,F:\RTDS_test_DDR4_64bit_batch_dev\regression\batch_1g\tb_rtds_ring.sv,22,response_delay
/tb_rtds_ring/inject_error,F:\RTDS_test_DDR4_64bit_batch_dev\regression\batch_1g\tb_rtds_ring.sv,23,inject_error
/tb_rtds_ring/bus/clk,F:\RTDS_test_DDR4_64bit_batch_dev\regression\batch_1g\rtds_ring_test_if.sv,3,clk
/tb_rtds_ring/bus/rst_n,F:\RTDS_test_DDR4_64bit_batch_dev\regression\batch_1g\rtds_ring_test_if.sv,4,rst_n
/tb_rtds_ring/bus/enable,F:\RTDS_test_DDR4_64bit_batch_dev\regression\batch_1g\rtds_ring_test_if.sv,4,enable
/tb_rtds_ring/bus/frame_valid,F:\RTDS_test_DDR4_64bit_batch_dev\regression\batch_1g\rtds_ring_test_if.sv,4,frame_valid
/tb_rtds_ring/bus/cpu_ack,F:\RTDS_test_DDR4_64bit_batch_dev\regression\batch_1g\rtds_ring_test_if.sv,4,cpu_ack
/tb_rtds_ring/bus/irq_clear,F:\RTDS_test_DDR4_64bit_batch_dev\regression\batch_1g\rtds_ring_test_if.sv,4,irq_clear
/tb_rtds_ring/bus/frame_data,F:\RTDS_test_DDR4_64bit_batch_dev\regression\batch_1g\rtds_ring_test_if.sv,5,frame_data
/tb_rtds_ring/bus/frame_ready,F:\RTDS_test_DDR4_64bit_batch_dev\regression\batch_1g\rtds_ring_test_if.sv,6,frame_ready
/tb_rtds_ring/bus/head_addr,F:\RTDS_test_DDR4_64bit_batch_dev\regression\batch_1g\rtds_ring_test_if.sv,7,head_addr
/tb_rtds_ring/bus/head_len,F:\RTDS_test_DDR4_64bit_batch_dev\regression\batch_1g\rtds_ring_test_if.sv,7,head_len
/tb_rtds_ring/bus/head_seq,F:\RTDS_test_DDR4_64bit_batch_dev\regression\batch_1g\rtds_ring_test_if.sv,7,head_seq
/tb_rtds_ring/bus/ready_blocks,F:\RTDS_test_DDR4_64bit_batch_dev\regression\batch_1g\rtds_ring_test_if.sv,7,ready_blocks
/tb_rtds_ring/bus/dropped_frames,F:\RTDS_test_DDR4_64bit_batch_dev\regression\batch_1g\rtds_ring_test_if.sv,7,dropped_frames
/tb_rtds_ring/bus/irq,F:\RTDS_test_DDR4_64bit_batch_dev\regression\batch_1g\rtds_ring_test_if.sv,8,irq
/tb_rtds_ring/bus/fdma_waddr,F:\RTDS_test_DDR4_64bit_batch_dev\regression\batch_1g\rtds_ring_test_if.sv,9,fdma_waddr
/tb_rtds_ring/bus/fdma_wdata,F:\RTDS_test_DDR4_64bit_batch_dev\regression\batch_1g\rtds_ring_test_if.sv,9,fdma_wdata
/tb_rtds_ring/bus/fdma_wstrb,F:\RTDS_test_DDR4_64bit_batch_dev\regression\batch_1g\rtds_ring_test_if.sv,10,fdma_wstrb
/tb_rtds_ring/bus/fdma_wsize,F:\RTDS_test_DDR4_64bit_batch_dev\regression\batch_1g\rtds_ring_test_if.sv,11,fdma_wsize
/tb_rtds_ring/bus/fdma_wareq,F:\RTDS_test_DDR4_64bit_batch_dev\regression\batch_1g\rtds_ring_test_if.sv,12,fdma_wareq
/tb_rtds_ring/bus/fdma_wvalid,F:\RTDS_test_DDR4_64bit_batch_dev\regression\batch_1g\rtds_ring_test_if.sv,12,fdma_wvalid
/tb_rtds_ring/bus/fdma_wbusy,F:\RTDS_test_DDR4_64bit_batch_dev\regression\batch_1g\rtds_ring_test_if.sv,13,fdma_wbusy
/tb_rtds_ring/bus/fdma_waccept,F:\RTDS_test_DDR4_64bit_batch_dev\regression\batch_1g\rtds_ring_test_if.sv,13,fdma_waccept
/tb_rtds_ring/bus/fdma_wdone,F:\RTDS_test_DDR4_64bit_batch_dev\regression\batch_1g\rtds_ring_test_if.sv,13,fdma_wdone
/tb_rtds_ring/bus/fdma_werror,F:\RTDS_test_DDR4_64bit_batch_dev\regression\batch_1g\rtds_ring_test_if.sv,13,fdma_werror
/tb_rtds_ring/bus/dbg_state,F:\RTDS_test_DDR4_64bit_batch_dev\regression\batch_1g\rtds_ring_test_if.sv,14,dbg_state
/tb_rtds_ring/U_DUT/clk,F:\RTDS_test_DDR4_64bit_batch_dev\rtl\rtds_rx_block_writer.v,10,clk
/tb_rtds_ring/U_DUT/rst_n,F:\RTDS_test_DDR4_64bit_batch_dev\rtl\rtds_rx_block_writer.v,11,rst_n
/tb_rtds_ring/U_DUT/enable,F:\RTDS_test_DDR4_64bit_batch_dev\rtl\rtds_rx_block_writer.v,12,enable
/tb_rtds_ring/U_DUT/frame_data,F:\RTDS_test_DDR4_64bit_batch_dev\rtl\rtds_rx_block_writer.v,13,frame_data
/tb_rtds_ring/U_DUT/frame_valid,F:\RTDS_test_DDR4_64bit_batch_dev\rtl\rtds_rx_block_writer.v,14,frame_valid
/tb_rtds_ring/U_DUT/frame_ready,F:\RTDS_test_DDR4_64bit_batch_dev\rtl\rtds_rx_block_writer.v,15,frame_ready
/tb_rtds_ring/U_DUT/cpu_ack,F:\RTDS_test_DDR4_64bit_batch_dev\rtl\rtds_rx_block_writer.v,16,cpu_ack
/tb_rtds_ring/U_DUT/irq_clear,F:\RTDS_test_DDR4_64bit_batch_dev\rtl\rtds_rx_block_writer.v,17,irq_clear
/tb_rtds_ring/U_DUT/head_addr,F:\RTDS_test_DDR4_64bit_batch_dev\rtl\rtds_rx_block_writer.v,18,head_addr
/tb_rtds_ring/U_DUT/head_len,F:\RTDS_test_DDR4_64bit_batch_dev\rtl\rtds_rx_block_writer.v,19,head_len
/tb_rtds_ring/U_DUT/head_seq,F:\RTDS_test_DDR4_64bit_batch_dev\rtl\rtds_rx_block_writer.v,20,head_seq
/tb_rtds_ring/U_DUT/ready_blocks,F:\RTDS_test_DDR4_64bit_batch_dev\rtl\rtds_rx_block_writer.v,21,ready_blocks
/tb_rtds_ring/U_DUT/dropped_frames,F:\RTDS_test_DDR4_64bit_batch_dev\rtl\rtds_rx_block_writer.v,22,dropped_frames
/tb_rtds_ring/U_DUT/irq,F:\RTDS_test_DDR4_64bit_batch_dev\rtl\rtds_rx_block_writer.v,23,irq
/tb_rtds_ring/U_DUT/fdma_wstrb,F:\RTDS_test_DDR4_64bit_batch_dev\rtl\rtds_rx_block_writer.v,24,fdma_wstrb
/tb_rtds_ring/U_DUT/fdma_waddr,F:\RTDS_test_DDR4_64bit_batch_dev\rtl\rtds_rx_block_writer.v,25,fdma_waddr
/tb_rtds_ring/U_DUT/fdma_wsize,F:\RTDS_test_DDR4_64bit_batch_dev\rtl\rtds_rx_block_writer.v,26,fdma_wsize
/tb_rtds_ring/U_DUT/fdma_wareq,F:\RTDS_test_DDR4_64bit_batch_dev\rtl\rtds_rx_block_writer.v,27,fdma_wareq
/tb_rtds_ring/U_DUT/fdma_wbusy,F:\RTDS_test_DDR4_64bit_batch_dev\rtl\rtds_rx_block_writer.v,28,fdma_wbusy
/tb_rtds_ring/U_DUT/fdma_wdata,F:\RTDS_test_DDR4_64bit_batch_dev\rtl\rtds_rx_block_writer.v,29,fdma_wdata
/tb_rtds_ring/U_DUT/fdma_wvalid,F:\RTDS_test_DDR4_64bit_batch_dev\rtl\rtds_rx_block_writer.v,30,fdma_wvalid
/tb_rtds_ring/U_DUT/fdma_waccept,F:\RTDS_test_DDR4_64bit_batch_dev\rtl\rtds_rx_block_writer.v,31,fdma_waccept
/tb_rtds_ring/U_DUT/fdma_wdone,F:\RTDS_test_DDR4_64bit_batch_dev\rtl\rtds_rx_block_writer.v,32,fdma_wdone
/tb_rtds_ring/U_DUT/fdma_werror,F:\RTDS_test_DDR4_64bit_batch_dev\rtl\rtds_rx_block_writer.v,33,fdma_werror
/tb_rtds_ring/U_DUT/dbg_state,F:\RTDS_test_DDR4_64bit_batch_dev\rtl\rtds_rx_block_writer.v,34,dbg_state
/tb_rtds_ring/U_DUT/write_curr_st,F:\RTDS_test_DDR4_64bit_batch_dev\rtl\rtds_rx_block_writer.v,41,write_curr_st
/tb_rtds_ring/U_DUT/write_next_st,F:\RTDS_test_DDR4_64bit_batch_dev\rtl\rtds_rx_block_writer.v,41,write_next_st
/tb_rtds_ring/U_DUT/write_block,F:\RTDS_test_DDR4_64bit_batch_dev\rtl\rtds_rx_block_writer.v,43,write_block
/tb_rtds_ring/U_DUT/read_block,F:\RTDS_test_DDR4_64bit_batch_dev\rtl\rtds_rx_block_writer.v,43,read_block
/tb_rtds_ring/U_DUT/queued,F:\RTDS_test_DDR4_64bit_batch_dev\rtl\rtds_rx_block_writer.v,45,queued
/tb_rtds_ring/U_DUT/block_len,F:\RTDS_test_DDR4_64bit_batch_dev\rtl\rtds_rx_block_writer.v,47,block_len
/tb_rtds_ring/U_DUT/block_seq,F:\RTDS_test_DDR4_64bit_batch_dev\rtl\rtds_rx_block_writer.v,49,block_seq
/tb_rtds_ring/U_DUT/used_bytes,F:\RTDS_test_DDR4_64bit_batch_dev\rtl\rtds_rx_block_writer.v,51,used_bytes
/tb_rtds_ring/U_DUT/time_count,F:\RTDS_test_DDR4_64bit_batch_dev\rtl\rtds_rx_block_writer.v,51,time_count
/tb_rtds_ring/U_DUT/publish_seq,F:\RTDS_test_DDR4_64bit_batch_dev\rtl\rtds_rx_block_writer.v,51,publish_seq
/tb_rtds_ring/U_DUT/seal_pending,F:\RTDS_test_DDR4_64bit_batch_dev\rtl\rtds_rx_block_writer.v,53,seal_pending
/tb_rtds_ring/U_DUT/half_valid,F:\RTDS_test_DDR4_64bit_batch_dev\rtl\rtds_rx_block_writer.v,55,half_valid
/tb_rtds_ring/U_DUT/half_data,F:\RTDS_test_DDR4_64bit_batch_dev\rtl\rtds_rx_block_writer.v,57,half_data
/tb_rtds_ring/U_DUT/active_transfer,F:\RTDS_test_DDR4_64bit_batch_dev\rtl\rtds_rx_block_writer.v,59,active_transfer
/tb_rtds_ring/U_DUT/tick,F:\RTDS_test_DDR4_64bit_batch_dev\rtl\rtds_rx_block_writer.v,61,tick
/tb_rtds_ring/U_DUT/take_word,F:\RTDS_test_DDR4_64bit_batch_dev\rtl\rtds_rx_block_writer.v,61,take_word
/tb_rtds_ring/U_DUT/reject_word,F:\RTDS_test_DDR4_64bit_batch_dev\rtl\rtds_rx_block_writer.v,61,reject_word
/tb_rtds_ring/U_DUT/pair_start,F:\RTDS_test_DDR4_64bit_batch_dev\rtl\rtds_rx_block_writer.v,61,pair_start
/tb_rtds_ring/U_DUT/tail_start,F:\RTDS_test_DDR4_64bit_batch_dev\rtl\rtds_rx_block_writer.v,61,tail_start
/tb_rtds_ring/U_DUT/start_write,F:\RTDS_test_DDR4_64bit_batch_dev\rtl\rtds_rx_block_writer.v,61,start_write
/tb_rtds_ring/U_DUT/seal_done,F:\RTDS_test_DDR4_64bit_batch_dev\rtl\rtds_rx_block_writer.v,63,seal_done
/tb_rtds_ring/U_DUT/push_block,F:\RTDS_test_DDR4_64bit_batch_dev\rtl\rtds_rx_block_writer.v,63,push_block
/tb_rtds_ring/U_DUT/pop_block,F:\RTDS_test_DDR4_64bit_batch_dev\rtl\rtds_rx_block_writer.v,63,pop_block
/tb_rtds_ring/U_DUT/write_success,F:\RTDS_test_DDR4_64bit_batch_dev\rtl\rtds_rx_block_writer.v,63,write_success
/tb_rtds_ring/U_DUT/write_failure,F:\RTDS_test_DDR4_64bit_batch_dev\rtl\rtds_rx_block_writer.v,63,write_failure
/tb_rtds_ring/U_DUT/drop_sum,F:\RTDS_test_DDR4_64bit_batch_dev\rtl\rtds_rx_block_writer.v,65,drop_sum
/tb_rtds_ring/U_DUT/len_index,F:\RTDS_test_DDR4_64bit_batch_dev\rtl\rtds_rx_block_writer.v,67,len_index
/tb_rtds_ring/U_DUT/seq_index,F:\RTDS_test_DDR4_64bit_batch_dev\rtl\rtds_rx_block_writer.v,67,seq_index
/tb_rtds_ring/U_DUT/BLOCK_COUNT,F:\RTDS_test_DDR4_64bit_batch_dev\rtl\rtds_rx_block_writer.v,5,BLOCK_COUNT
/tb_rtds_ring/U_DUT/BLOCK_BYTES,F:\RTDS_test_DDR4_64bit_batch_dev\rtl\rtds_rx_block_writer.v,6,BLOCK_BYTES
/tb_rtds_ring/U_DUT/PERIOD_CYCLES,F:\RTDS_test_DDR4_64bit_batch_dev\rtl\rtds_rx_block_writer.v,7,PERIOD_CYCLES
/tb_rtds_ring/U_DUT/BASE_ADDR,F:\RTDS_test_DDR4_64bit_batch_dev\rtl\rtds_rx_block_writer.v,8,BASE_ADDR
/tb_rtds_ring/U_DUT/INDEX_BITS,F:\RTDS_test_DDR4_64bit_batch_dev\rtl\rtds_rx_block_writer.v,37,INDEX_BITS
/tb_rtds_ring/U_DUT/IDLE,F:\RTDS_test_DDR4_64bit_batch_dev\rtl\rtds_rx_block_writer.v,39,IDLE
/tb_rtds_ring/U_DUT/REQ,F:\RTDS_test_DDR4_64bit_batch_dev\rtl\rtds_rx_block_writer.v,39,REQ
/tb_rtds_ring/U_DUT/DATA,F:\RTDS_test_DDR4_64bit_batch_dev\rtl\rtds_rx_block_writer.v,39,DATA
/tb_rtds_ring/U_DUT/RESPONSE,F:\RTDS_test_DDR4_64bit_batch_dev\rtl\rtds_rx_block_writer.v,39,RESPONSE
