signal,wcfg_type,vcd_width,coverage,group,initial,final,changes,first_change,last_change,known_min,known_max,xz_events
/tb_rtds_regs/clk,logic,1,VCD+WDB,core,0,1,211,2000,422000,0,1,0
/tb_rtds_regs/starts,array,32,VCD+WDB,core,0,10,2,174000,310000,0,2,0
/tb_rtds_regs/acks,array,32,VCD+WDB,core,0,10,2,342000,374000,0,2,0
/tb_rtds_regs/bus/clk,logic,1,VCD+WDB,core,0,1,211,2000,422000,0,1,0
/tb_rtds_regs/bus/rst_n,logic,1,VCD+WDB,core,0,1,1,30000,30000,0,1,0
/tb_rtds_regs/bus/done,logic,1,VCD+WDB,core,0,0,2,274000,278000,0,1,0
/tb_rtds_regs/bus/awaddr,array,32,VCD+WDB,core,0,10100,7,130000,330000,0,40,0
/tb_rtds_regs/bus/wdata,array,32,VCD+WDB,core,0,1,6,130000,298000,0,36864,0
/tb_rtds_regs/bus/araddr,array,32,VCD+WDB,core,0,10100,10,50000,346000,0,56,0
/tb_rtds_regs/bus/awvalid,logic,1,VCD+WDB,core,0,0,20,130000,402000,0,1,0
/tb_rtds_regs/bus/wvalid,logic,1,VCD+WDB,core,0,0,20,130000,402000,0,1,0
/tb_rtds_regs/bus/arvalid,logic,1,VCD+WDB,core,0,0,28,34000,418000,0,1,0
/tb_rtds_regs/bus/bready,logic,1,VCD+WDB,core,1,1,0,,,1,1,0
/tb_rtds_regs/bus/rready,logic,1,VCD+WDB,core,1,1,0,,,1,1,0
/tb_rtds_regs/bus/wstrb,array,4,VCD+WDB,core,1111,1110,1,394000,394000,14,15,0
/tb_rtds_regs/bus/awready,logic,1,VCD+WDB,core,x,0,21,2000,402000,0,1,1
/tb_rtds_regs/bus/wready,logic,1,VCD+WDB,core,x,0,21,2000,402000,0,1,1
/tb_rtds_regs/bus/bvalid,logic,1,VCD+WDB,core,x,0,21,2000,406000,0,1,1
/tb_rtds_regs/bus/arready,logic,1,VCD+WDB,core,x,0,29,2000,418000,0,1,1
/tb_rtds_regs/bus/rvalid,logic,1,VCD+WDB,core,x,1,28,2000,418000,0,1,1
/tb_rtds_regs/bus/rdata,array,32,VCD+WDB,core,x,0,13,2000,354000,0,539363604,1
/tb_rtds_regs/bus/command_addr,array,32,VCD+WDB,core,x,1000000000000000,1,2000,2000,32768,32768,1
/tb_rtds_regs/bus/command_len,array,32,VCD+WDB,core,x,10000,2,2000,154000,16,32768,1
/tb_rtds_regs/bus/bresp,array,2,VCD+WDB,core,x,0,1,2000,2000,0,0,1
/tb_rtds_regs/bus/rresp,array,2,VCD+WDB,core,x,0,1,2000,2000,0,0,1
/tb_rtds_regs/bus/start,logic,1,VCD+WDB,core,x,0,5,2000,310000,0,1,1
/tb_rtds_regs/bus/ack,logic,1,VCD+WDB,core,x,0,5,2000,374000,0,1,1
/tb_rtds_regs/bus/clear_irq,logic,1,VCD+WDB,core,x,0,1,2000,2000,0,0,1
/tb_rtds_regs/bus/clear_inter,logic,1,VCD+WDB,core,x,0,1,2000,2000,0,0,1
/tb_rtds_regs/U_DUT/CPU_WR_DONE_EVENT,logic,1,VCD+WDB,core,0,0,2,274000,278000,0,1,0
/tb_rtds_regs/U_DUT/FPGA_TEMP_W,array,32,VCD+WDB,core,0,0,0,,,0,0,0
/tb_rtds_regs/U_DUT/INT_STATE_W,array,1,VCD+WDB,core,0,0,0,,,0,0,0
/tb_rtds_regs/U_DUT/CPU_REC_STATE_W,array,1,VCD+WDB,core,0,0,0,,,0,0,0
/tb_rtds_regs/U_DUT/FPGA_CPU_START_ADDR,array,32,VCD+WDB,core,100000000000000000000,100000000000000000000,0,,,1048576,1048576,0
/tb_rtds_regs/U_DUT/FPGA_CPU_LEN,array,32,VCD+WDB,core,1100,1100,0,,,12,12,0
/tb_rtds_regs/U_DUT/CPU_WR_DONE_resp,array,1,VCD+WDB,core,0,0,0,,,0,0,0
/tb_rtds_regs/U_DUT/DDR_STATUS_W,array,32,VCD+WDB,core,0,0,0,,,0,0,0
/tb_rtds_regs/U_DUT/RX_READY_BLOCKS,array,32,VCD+WDB,core,1,1,0,,,1,1,0
/tb_rtds_regs/U_DUT/RX_HEAD_SEQ,array,32,VCD+WDB,core,111,111,0,,,7,7,0
/tb_rtds_regs/U_DUT/RX_DROPPED_FRAMES,array,32,VCD+WDB,core,1001,1001,0,,,9,9,0
/tb_rtds_regs/U_DUT/r_INT_STATE,logic,1,VCD+WDB,core,x,0,1,2000,2000,0,0,1
/tb_rtds_regs/U_DUT/r_CLEAR_INTER,logic,1,VCD+WDB,core,x,0,1,2000,2000,0,0,1
/tb_rtds_regs/U_DUT/r_CPU_REC_STATE,logic,1,VCD+WDB,core,x,0,5,2000,374000,0,1,1
/tb_rtds_regs/U_DUT/r_RD_START,logic,1,VCD+WDB,core,x,0,5,2000,310000,0,1,1
/tb_rtds_regs/U_DUT/r_CPU_FPGA_START_ADDR,array,32,VCD+WDB,core,x,1000000000000000,1,2000,2000,32768,32768,1
/tb_rtds_regs/U_DUT/r_CPU_FPGA_LEN,array,32,VCD+WDB,core,x,10000,2,2000,154000,16,32768,1
/tb_rtds_regs/U_DUT/S_AXI_ACLK,logic,1,VCD+WDB,core,0,1,211,2000,422000,0,1,0
/tb_rtds_regs/U_DUT/S_AXI_ARESETN,logic,1,VCD+WDB,core,0,1,1,30000,30000,0,1,0
/tb_rtds_regs/U_DUT/S_AXI_AWADDR,array,32,VCD+WDB,core,0,10100,7,130000,330000,0,40,0
/tb_rtds_regs/U_DUT/S_AXI_AWPROT,array,3,VCD+WDB,core,0,0,0,,,0,0,0
/tb_rtds_regs/U_DUT/S_AXI_AWVALID,logic,1,VCD+WDB,core,0,0,20,130000,402000,0,1,0
/tb_rtds_regs/U_DUT/S_AXI_AWREADY,logic,1,VCD+WDB,core,x,0,21,2000,402000,0,1,1
/tb_rtds_regs/U_DUT/S_AXI_WDATA,array,32,VCD+WDB,core,0,1,6,130000,298000,0,36864,0
/tb_rtds_regs/U_DUT/S_AXI_WSTRB,array,4,VCD+WDB,core,1111,1110,1,394000,394000,14,15,0
/tb_rtds_regs/U_DUT/S_AXI_WVALID,logic,1,VCD+WDB,core,0,0,20,130000,402000,0,1,0
/tb_rtds_regs/U_DUT/S_AXI_WREADY,logic,1,VCD+WDB,core,x,0,21,2000,402000,0,1,1
/tb_rtds_regs/U_DUT/S_AXI_BRESP,array,2,VCD+WDB,core,x,0,1,2000,2000,0,0,1
/tb_rtds_regs/U_DUT/S_AXI_BVALID,logic,1,VCD+WDB,core,x,0,21,2000,406000,0,1,1
/tb_rtds_regs/U_DUT/S_AXI_BREADY,logic,1,VCD+WDB,core,1,1,0,,,1,1,0
/tb_rtds_regs/U_DUT/S_AXI_ARADDR,array,32,VCD+WDB,core,0,10100,10,50000,346000,0,56,0
/tb_rtds_regs/U_DUT/S_AXI_ARPROT,array,3,VCD+WDB,core,0,0,0,,,0,0,0
/tb_rtds_regs/U_DUT/S_AXI_ARVALID,logic,1,VCD+WDB,core,0,0,28,34000,418000,0,1,0
/tb_rtds_regs/U_DUT/S_AXI_ARREADY,logic,1,VCD+WDB,core,x,0,29,2000,418000,0,1,1
/tb_rtds_regs/U_DUT/S_AXI_RDATA,array,32,VCD+WDB,core,x,0,13,2000,354000,0,539363604,1
/tb_rtds_regs/U_DUT/S_AXI_RRESP,array,2,VCD+WDB,core,x,0,1,2000,2000,0,0,1
/tb_rtds_regs/U_DUT/S_AXI_RVALID,logic,1,VCD+WDB,core,x,0,29,2000,422000,0,1,1
/tb_rtds_regs/U_DUT/S_AXI_RREADY,logic,1,VCD+WDB,core,1,1,0,,,1,1,0
/tb_rtds_regs/U_DUT/axi_awaddr,array,32,VCD+WDB,core,x,10100,8,2000,334000,0,40,1
/tb_rtds_regs/U_DUT/axi_awready,logic,1,VCD+WDB,core,x,0,21,2000,402000,0,1,1
/tb_rtds_regs/U_DUT/axi_wready,logic,1,VCD+WDB,core,x,0,21,2000,402000,0,1,1
/tb_rtds_regs/U_DUT/axi_bresp,array,2,VCD+WDB,core,x,0,1,2000,2000,0,0,1
/tb_rtds_regs/U_DUT/axi_bvalid,logic,1,VCD+WDB,core,x,0,21,2000,406000,0,1,1
/tb_rtds_regs/U_DUT/axi_araddr,array,32,VCD+WDB,core,x,10100,11,2000,350000,0,56,1
/tb_rtds_regs/U_DUT/axi_arready,logic,1,VCD+WDB,core,x,0,29,2000,418000,0,1,1
/tb_rtds_regs/U_DUT/axi_rdata,array,32,VCD+WDB,core,x,0,13,2000,354000,0,539363604,1
/tb_rtds_regs/U_DUT/axi_rresp,array,2,VCD+WDB,core,x,0,1,2000,2000,0,0,1
/tb_rtds_regs/U_DUT/axi_rvalid,logic,1,VCD+WDB,core,x,0,29,2000,422000,0,1,1
/tb_rtds_regs/U_DUT/INT_STATE_R,array,1,VCD+WDB,core,x,0,1,2000,2000,0,0,1
/tb_rtds_regs/U_DUT/CLEAR_INTER_R,logic,1,VCD+WDB,core,x,0,1,2000,2000,0,0,1
/tb_rtds_regs/U_DUT/CPU_WR_DONE,array,32,VCD+WDB,core,x,1,4,2000,306000,0,1,1
/tb_rtds_regs/U_DUT/CPU_REC_STATE,array,32,VCD+WDB,core,x,0,5,2000,374000,0,1,1
/tb_rtds_regs/U_DUT/CPU_FPGA_START_ADDR,array,32,VCD+WDB,core,x,1000000000000000,1,2000,2000,32768,32768,1
/tb_rtds_regs/U_DUT/CPU_FPGA_LEN,array,32,VCD+WDB,core,x,10000,2,2000,154000,16,32768,1
/tb_rtds_regs/U_DUT/slv_reg_rden,logic,1,VCD+WDB,core,0,0,28,38000,418000,0,1,0
/tb_rtds_regs/U_DUT/slv_reg_wren,logic,1,VCD+WDB,core,0,0,20,134000,402000,0,1,0
/tb_rtds_regs/U_DUT/reg_data_out,array,32,VCD+WDB,core,0,0,14,2000,374000,0,539363604,0
/tb_rtds_regs/U_DUT/byte_index,array,32,VCD+WDB,core,x,x,0,,,,,1
/tb_rtds_regs/U_DUT/aw_en,logic,1,VCD+WDB,core,x,1,21,2000,406000,0,1,1
/tb_rtds_regs/U_DUT/byte_index_CPU_FPGA_START_ADDR,array,32,VCD+WDB,core,x,100,1,138000,138000,4,4,1
/tb_rtds_regs/U_DUT/byte_index_CPU_FPGA_LEN,array,32,VCD+WDB,core,x,100,1,154000,154000,4,4,1
/tb_rtds_regs/U_DUT/CPU_WR_DONE_d,logic,1,VCD+WDB,core,x,1,4,2000,310000,0,1,1
/tb_rtds_regs/U_DUT/CPU_WR_DONE_pos,logic,1,VCD+WDB,core,x,0,5,2000,310000,0,1,1
/tb_rtds_regs/U_DUT/VERSION,array,0,VCD+WDB,core,10000000000001,10000000000001,0,,,8193,8193,0
/tb_rtds_regs/U_DUT/PROG_TIME,array,0,VCD+WDB,core,100000001001100000100100010100,100000001001100000100100010100,0,,,539363604,539363604,0
/tb_rtds_regs/U_DUT/CH_BUF_LEN,array,0,VCD+WDB,core,1000000000000000000,1000000000000000000,0,,,262144,262144,0
/tb_rtds_regs/U_DUT/C_S_AXI_DATA_WIDTH,array,0,VCD+WDB,core,100000,100000,0,,,32,32,0
/tb_rtds_regs/U_DUT/C_S_AXI_ADDR_WIDTH,array,0,VCD+WDB,core,100000,100000,0,,,32,32,0
/tb_rtds_regs/U_DUT/ADDR_LSB,array,0,VCD+WDB,core,10,10,0,,,2,2,0
/tb_rtds_regs/U_DUT/OPT_MEM_ADDR_BITS,array,0,VCD+WDB,core,1110,1110,0,,,14,14,0
/tb_rtds_regs/bus/driver_cb/driver_cb_clk,logic,1,VCD+WDB,hierarchy,0,1,211,2000,422000,0,1,0
/tb_rtds_regs/bus/driver_cb/awready_in,logic,1,VCD+WDB,hierarchy,z,0,22,2000,406000,0,1,2
/tb_rtds_regs/bus/driver_cb/wready_in,logic,1,VCD+WDB,hierarchy,z,0,22,2000,406000,0,1,2
/tb_rtds_regs/bus/driver_cb/bvalid_in,logic,1,VCD+WDB,hierarchy,z,0,22,2000,410000,0,1,2
/tb_rtds_regs/bus/driver_cb/arready_in,logic,1,VCD+WDB,hierarchy,z,0,30,2000,422000,0,1,2
/tb_rtds_regs/bus/driver_cb/rvalid_in,logic,1,VCD+WDB,hierarchy,z,1,29,2000,422000,0,1,2
/tb_rtds_regs/bus/driver_cb/rdata_in,array,32,VCD+WDB,hierarchy,z,0,14,2000,358000,0,539363604,2
/tb_rtds_regs/bus/driver_cb/bresp_in,array,2,VCD+WDB,hierarchy,z,0,2,2000,6000,0,0,2
/tb_rtds_regs/bus/driver_cb/rresp_in,array,2,VCD+WDB,hierarchy,z,0,2,2000,6000,0,0,2
/tb_rtds_regs/bus/monitor_cb/monitor_cb_clk,logic,1,VCD+WDB,hierarchy,0,1,211,2000,422000,0,1,0
/tb_rtds_regs/bus/monitor_cb/rst_n_in,logic,1,VCD+WDB,hierarchy,0,1,2,2000,34000,0,1,1
/tb_rtds_regs/bus/monitor_cb/start_in,logic,1,VCD+WDB,hierarchy,z,0,6,2000,314000,0,1,2
/tb_rtds_regs/bus/monitor_cb/ack_in,logic,1,VCD+WDB,hierarchy,z,0,6,2000,378000,0,1,2
/tb_rtds_regs/bus/monitor_cb/command_addr_in,array,32,VCD+WDB,hierarchy,z,1000000000000000,2,2000,6000,32768,32768,2
/tb_rtds_regs/bus/monitor_cb/command_len_in,array,32,VCD+WDB,hierarchy,z,10000,3,2000,158000,16,32768,2
